,palavra,doc|ocorrencia
0,documento,"[(1, 1), (26, 1), (58, 1), (80, 1)]"
1,páginas,"[(1, 1), (26, 1), (58, 1), (80, 1)]"
2,vazado,"[(1, 1), (26, 1), (58, 1), (80, 1)]"
3,onu,"[(1, 1), (6, 1), (26, 1), (34, 1), (58, 1), (63, 1), (79, 1), (80, 1)]"
4,calcula,"[(1, 1), (26, 1), (58, 1), (80, 1)]"
5,milhões,"[(1, 1), (26, 1), (32, 1), (33, 1), (50, 1), (58, 1), (61, 1), (80, 1), (101, 1), (102, 1)]"
6,venezuelanos,"[(1, 1), (26, 1), (58, 1), (80, 1)]"
7,cada,"[(1, 1), (26, 1), (58, 1), (80, 1)]"
8,quatro,"[(1, 1), (26, 1), (58, 1), (80, 1)]"
9,pessoas,"[(1, 1), (5, 1), (26, 1), (35, 1), (58, 1), (78, 1), (80, 1)]"
10,país,"[(1, 1), (26, 1), (58, 1), (80, 1)]"
11,precisem,"[(1, 1), (26, 1), (58, 1), (80, 1)]"
12,ajuda,"[(1, 1), (26, 1), (58, 1), (80, 1)]"
13,humanitária,"[(1, 1), (26, 1), (58, 1), (80, 1)]"
14,urgente,"[(1, 1), (26, 1), (58, 1), (80, 1)]"
15,volta,"[(2, 1), (75, 1)]"
16,israel,"[(2, 1), (75, 1)]"
17,onde,"[(2, 1), (19, 1), (44, 1), (62, 1), (75, 1), (120, 1)]"
18,fez,"[(2, 1), (74, 1), (75, 1)]"
19,parte,"[(2, 1), (75, 1)]"
20,comitiva,"[(2, 1), (75, 1)]"
21,pai,"[(2, 1), (75, 1)]"
22,flávio,"[(2, 1), (9, 1), (12, 1), (59, 1), (70, 1), (75, 1), (99, 1)]"
23,bolsonaro,"[(2, 1), (4, 1), (9, 1), (11, 1), (12, 1), (15, 1), (23, 1), (24, 1), (29, 1), (30, 1), (39, 1), (42, 1), (48, 1), (55, 1), (59, 1), (64, 1), (70, 1), (73, 1), (75, 1), (77, 1), (84, 1), (93, 1), (94, 1), (99, 1), (107, 1), (115, 1), (117, 1), (119, 1), (121, 1)]"
24,disse,"[(2, 1), (4, 1), (11, 1), (12, 1), (13, 1), (21, 1), (44, 1), (54, 1), (59, 1), (75, 1), (77, 1), (82, 1), (99, 1), (105, 1), (119, 1)]"
25,publicação,"[(2, 1), (75, 1)]"
26,twitter,"[(2, 1), (42, 1), (75, 1)]"
27,contra,"[(2, 1), (5, 1), (18, 2), (35, 1), (43, 1), (66, 2), (75, 1), (78, 1), (111, 2), (117, 1)]"
28,grupo,"[(2, 1), (12, 2), (32, 1), (50, 1), (59, 2), (75, 1), (99, 2), (101, 1)]"
29,terrorista,"[(2, 1), (12, 1), (53, 1), (59, 1), (75, 1), (99, 1), (110, 1)]"
30,hamas,"[(2, 1), (12, 1), (59, 1), (75, 1), (99, 1)]"
31,apagada,"[(2, 1), (75, 1)]"
32,página,"[(2, 1), (75, 1)]"
33,virada,"[(2, 1), (75, 1)]"
34,ditador,"[(3, 1), (76, 1), (98, 1)]"
35,nicolás,"[(3, 1), (5, 1), (18, 1), (35, 1), (66, 1), (76, 1), (78, 1), (98, 1), (111, 1)]"
36,maduro,"[(3, 1), (5, 1), (18, 1), (35, 1), (66, 1), (76, 1), (78, 1), (98, 1), (111, 1)]"
37,despacha,"[(3, 1), (76, 1)]"
38,palácio,"[(3, 1), (36, 1), (51, 1), (76, 1), (83, 1), (108, 1)]"
39,miraflores,"[(3, 1), (76, 1)]"
40,sede,"[(3, 1), (76, 1)]"
41,poder,"[(3, 1), (76, 1)]"
42,executivo,"[(3, 1), (76, 1)]"
43,venezuela,"[(3, 1), (76, 1), (112, 1)]"
44,menos,"[(3, 1), (76, 1)]"
45,duas,"[(3, 1), (76, 1)]"
46,semanas,"[(3, 1), (76, 1)]"
47,relata,"[(3, 1), (36, 1), (51, 1), (71, 1), (76, 1), (83, 1), (108, 1)]"
48,duda,"[(3, 1), (76, 1)]"
49,teixeira,"[(3, 1), (76, 1)]"
50,steve,"[(4, 1), (77, 1)]"
51,bannon,"[(4, 1), (77, 1)]"
52,estrategista,"[(4, 1), (77, 1)]"
53,donald,"[(4, 1), (77, 1)]"
54,trump,"[(4, 1), (77, 1)]"
55,folha,"[(4, 1), (11, 1), (23, 1), (32, 1), (36, 1), (48, 1), (50, 1), (51, 1), (77, 1), (83, 1), (84, 1), (101, 1), (108, 1), (121, 1)]"
56,inaceitável,"[(4, 1), (77, 1)]"
57,vice,"[(4, 1), (72, 1), (77, 1)]"
58,presidente,"[(4, 1), (24, 1), (55, 1), (77, 1), (107, 1), (113, 1)]"
59,hamilton,"[(4, 1), (77, 1), (115, 1)]"
60,mourão,"[(4, 1), (77, 1), (115, 1)]"
61,manter,"[(4, 1), (77, 1)]"
62,postura,"[(4, 1), (77, 1)]"
63,antagônica,"[(4, 1), (77, 1)]"
64,jair,"[(4, 1), (11, 1), (15, 1), (23, 1), (24, 1), (29, 1), (30, 1), (39, 1), (42, 1), (48, 1), (55, 1), (64, 1), (73, 1), (77, 1), (84, 1), (93, 1), (94, 1), (107, 1), (115, 1), (117, 1), (119, 1), (121, 1)]"
65,março,"[(5, 1), (35, 1), (78, 1)]"
66,º,"[(5, 1), (35, 1), (73, 1), (78, 1)]"
67,abril,"[(5, 1), (35, 1), (78, 1), (89, 1), (113, 1)]"
68,presas,"[(5, 1), (35, 1), (78, 1)]"
69,ditadura,"[(5, 1), (18, 1), (35, 1), (66, 1), (78, 1), (111, 1)]"
70,protestar,"[(5, 1), (35, 1), (78, 1)]"
71,falta,"[(5, 1), (35, 1), (72, 1), (78, 1)]"
72,luz,"[(5, 1), (35, 1), (78, 1)]"
73,água,"[(5, 1), (35, 1), (78, 1)]"
74,obteve,"[(6, 1), (34, 1), (63, 1), (79, 1)]"
75,íntegra,"[(6, 1), (34, 1), (63, 1), (79, 1)]"
76,telegrama,"[(6, 1), (34, 1), (63, 1), (79, 1)]"
77,encaminhado,"[(6, 1), (34, 1), (63, 1), (79, 1)]"
78,itamaraty,"[(6, 1), (34, 1), (63, 1), (79, 1)]"
79,argentino,"[(6, 1), (34, 1), (63, 1), (79, 1)]"
80,fabian,"[(6, 1), (34, 1), (63, 1), (79, 1)]"
81,salvioli,"[(6, 1), (34, 1), (63, 1), (79, 1)]"
82,relator,"[(6, 1), (34, 1), (63, 1), (79, 1), (116, 1)]"
83,independente,"[(6, 1), (34, 1), (63, 1), (79, 1)]"
84,promoção,"[(6, 1), (34, 1), (63, 1), (79, 1)]"
85,verdade,"[(6, 1), (34, 1), (63, 1), (79, 1)]"
86,justiça,"[(6, 1), (20, 1), (25, 1), (32, 1), (34, 1), (50, 1), (60, 1), (63, 1), (65, 1), (79, 1), (81, 1), (101, 1), (103, 1), (106, 1), (118, 1)]"
87,reparação,"[(6, 1), (34, 1), (63, 1), (79, 1)]"
88,text,"[(7, 1), (37, 1), (68, 1), (91, 1)]"
89,soraya,"[(9, 1)]"
90,thronicke,"[(9, 1)]"
91,senadora,"[(9, 1)]"
92,psl,"[(9, 1), (117, 1)]"
93,mato,"[(9, 1)]"
94,grosso,"[(9, 1)]"
95,sul,"[(9, 1)]"
96,negou,"[(9, 1)]"
97,ter,"[(9, 1), (21, 1), (23, 1), (48, 1), (84, 1), (121, 1)]"
98,sido,"[(9, 1)]"
99,pressionada,"[(9, 1)]"
100,tirar,"[(9, 1)]"
101,assinatura,"[(9, 1)]"
102,requerimento,"[(9, 1)]"
103,cpi,"[(9, 1)]"
104,lava,"[(9, 1)]"
105,toga,"[(9, 1)]"
106,reportagem,"[(10, 1)]"
107,festa,"[(10, 1)]"
108,boi,"[(10, 1)]"
109,crusoé,"[(10, 1)]"
110,michel,"[(10, 1), (89, 1)]"
111,temer,"[(10, 1), (89, 1)]"
112,cai,"[(10, 1)]"
113,grampo,"[(10, 1)]"
114,conversa,"[(10, 1)]"
115,joesley,"[(10, 1)]"
116,batista,"[(10, 1)]"
117,noite,"[(10, 1), (42, 1)]"
118,reeleição,"[(10, 1)]"
119,dilma,"[(10, 1)]"
120,rousseff,"[(10, 1)]"
121,hoje,"[(11, 1), (15, 1), (16, 1), (21, 1), (32, 1), (33, 1), (39, 1), (43, 1), (46, 1), (50, 1), (61, 1), (67, 1), (86, 1), (90, 1), (94, 1), (97, 1), (101, 1), (102, 1)]"
122,querer,"[(11, 1), (12, 1), (59, 1), (99, 1)]"
123,polêmica,"[(11, 1)]"
124,palestina,"[(11, 1)]"
125,afirmou,"[(11, 1), (115, 1)]"
126,visitará,"[(11, 1)]"
127,dois,"[(11, 1), (30, 1), (41, 1), (98, 1), (116, 1)]"
128,três,"[(11, 1), (24, 1), (53, 1), (55, 1), (107, 1), (110, 1)]"
129,países,"[(11, 1)]"
130,árabes,"[(11, 1)]"
131,início,"[(11, 1)]"
132,segundo,"[(11, 1), (22, 1), (23, 1), (48, 1), (56, 1), (84, 1), (85, 1), (109, 1), (121, 1)]"
133,semestre,"[(11, 1)]"
134,registra,"[(11, 1), (12, 1), (16, 1), (32, 1), (50, 1), (59, 1), (67, 1), (72, 1), (97, 1), (99, 1), (101, 1)]"
135,controla,"[(12, 1), (59, 1), (99, 1)]"
136,faixa,"[(12, 1), (59, 1), (99, 1)]"
137,gaza,"[(12, 1), (59, 1), (99, 1)]"
138,respondeu,"[(12, 1), (59, 1), (99, 1)]"
139,tuíte,"[(12, 1), (59, 1), (99, 1)]"
140,publicado,"[(12, 1), (59, 1), (99, 1)]"
141,apagado,"[(12, 1), (59, 1), (99, 1)]"
142,exploda,"[(12, 1), (59, 1), (99, 1)]"
143,estadão,"[(12, 1), (59, 1), (99, 1)]"
144,publicamos,"[(13, 1)]"
145,sérgio,"[(13, 1), (21, 1), (40, 1)]"
146,cabral,"[(13, 1), (21, 1), (40, 1)]"
147,marcelo,"[(13, 1), (21, 1)]"
148,bretas,"[(13, 1), (21, 1)]"
149,repassou,"[(13, 1)]"
150,milhão,"[(13, 1), (21, 1)]"
151,reais,"[(13, 1)]"
152,propina,"[(13, 1)]"
153,campanha,"[(13, 1), (21, 1), (73, 1)]"
154,aécio,"[(13, 1), (21, 1)]"
155,neves,"[(13, 1), (21, 1)]"
156,roberto,"[(14, 1), (49, 1), (104, 1)]"
157,almeida,"[(14, 1), (49, 1), (104, 1)]"
158,espancado,"[(14, 1), (49, 1), (104, 1)]"
159,outros,"[(14, 1), (49, 1), (104, 1)]"
160,torcedores,"[(14, 1), (49, 1), (104, 1)]"
161,meio,"[(14, 1), (49, 1), (104, 1)]"
162,rua,"[(14, 1), (49, 1), (104, 1)]"
163,copacabana,"[(14, 1), (49, 1), (104, 1)]"
164,ontem,"[(14, 1), (49, 1), (72, 1), (104, 1)]"
165,continua,"[(14, 1), (49, 1), (104, 1)]"
166,internado,"[(14, 1), (49, 1), (104, 1)]"
167,estado,"[(14, 1), (43, 1), (49, 1), (104, 1)]"
168,grave,"[(14, 1), (49, 1), (104, 1)]"
169,sergio,"[(15, 1), (39, 1), (94, 1), (116, 1), (119, 1)]"
170,moro,"[(15, 1), (39, 1), (94, 1), (116, 1), (119, 1)]"
171,apresentou,"[(15, 1), (39, 1), (70, 1), (94, 1)]"
172,projeto,"[(15, 1), (36, 1), (39, 1), (51, 1), (70, 1), (83, 1), (94, 1), (108, 1), (116, 1)]"
173,reduzir,"[(15, 1), (39, 1), (94, 1)]"
174,crimes,"[(15, 1), (39, 1), (94, 1)]"
175,violentos,"[(15, 1), (39, 1), (94, 1)]"
176,informa,"[(15, 1), (39, 1), (41, 1), (74, 1), (89, 1), (94, 1)]"
177,uol,"[(15, 1), (39, 1), (72, 1), (94, 1)]"
178,porta,"[(16, 1), (67, 1), (97, 1)]"
179,voz,"[(16, 1), (67, 1), (97, 1)]"
180,presidência,"[(16, 1), (21, 1), (67, 1), (97, 1)]"
181,otávio,"[(16, 1), (67, 1), (97, 1)]"
182,rêgo,"[(16, 1), (67, 1), (97, 1)]"
183,barros,"[(16, 1), (67, 1), (97, 1)]"
184,informou,"[(16, 1), (67, 1), (97, 1)]"
185,haverá,"[(16, 1), (67, 1), (97, 1)]"
186,horário,"[(16, 1), (67, 1), (97, 1)]"
187,verão,"[(16, 1), (67, 1), (97, 1)]"
188,neste,"[(16, 1), (67, 1), (73, 1), (97, 1), (98, 1), (115, 1), (119, 1)]"
189,ano,"[(16, 1), (17, 1), (45, 1), (67, 1), (73, 1), (92, 1), (97, 1)]"
190,união,"[(17, 1), (20, 1), (45, 1), (60, 1), (92, 1), (103, 1)]"
191,européia,"[(17, 1), (45, 1), (92, 1)]"
192,ofereceu,"[(17, 1), (45, 1), (92, 1)]"
193,adiamento,"[(17, 1), (45, 1), (92, 1)]"
194,brexit,"[(17, 1), (45, 1), (92, 1)]"
195,membros,"[(18, 1), (66, 1), (111, 1)]"
196,coletivos,"[(18, 1), (66, 1), (111, 1)]"
197,milícias,"[(18, 1), (66, 1), (111, 1)]"
198,paramilitares,"[(18, 1), (66, 1), (111, 1)]"
199,disparam,"[(18, 1), (66, 1), (111, 1)]"
200,população,"[(18, 1), (66, 1), (111, 1)]"
201,protestos,"[(18, 1), (66, 1), (111, 1)]"
202,têm,"[(18, 1), (66, 1), (111, 1)]"
203,crachá,"[(18, 1), (66, 1), (111, 1)]"
204,identificação,"[(18, 1), (66, 1), (111, 1)]"
205,evento,"[(19, 1), (28, 1), (36, 1), (51, 1), (52, 1), (62, 1), (83, 1), (100, 1), (108, 1), (120, 1)]"
206,lide,"[(19, 1), (28, 1), (52, 1), (62, 1), (100, 1), (120, 1)]"
207,joão,"[(19, 1), (28, 1), (36, 1), (51, 1), (52, 1), (62, 1), (83, 1), (100, 1), (108, 1), (120, 1)]"
208,doria,"[(19, 1), (28, 1), (36, 1), (51, 1), (52, 1), (62, 1), (83, 1), (100, 1), (108, 1), (120, 1)]"
209,campos,"[(19, 1), (28, 1), (52, 1), (62, 1), (100, 1), (120, 1)]"
210,jordão,"[(19, 1), (28, 1), (52, 1), (62, 1), (100, 1), (120, 1)]"
211,empresários,"[(19, 1), (62, 1), (120, 1)]"
212,comentam,"[(19, 1), (62, 1), (120, 1)]"
213,bastidores,"[(19, 1), (62, 1), (120, 1)]"
214,melhor,"[(19, 1), (24, 1), (55, 1), (62, 1), (107, 1), (120, 1)]"
215,investir,"[(19, 1), (62, 1), (120, 1)]"
216,paraguai,"[(19, 1), (62, 1), (120, 1)]"
217,custo,"[(19, 1), (62, 1), (120, 1)]"
218,burocracia,"[(19, 1), (62, 1), (120, 1)]"
219,menores,"[(19, 1), (62, 1), (120, 1)]"
220,brasil,"[(19, 1), (24, 1), (54, 1), (55, 1), (62, 1), (82, 1), (105, 1), (107, 1), (120, 1)]"
221,advocacia,"[(20, 1), (60, 1), (103, 1)]"
222,geral,"[(20, 1), (60, 1), (103, 1)]"
223,pretende,"[(20, 1), (60, 1), (103, 1)]"
224,desistir,"[(20, 1), (60, 1), (103, 1)]"
225,recursos,"[(20, 1), (60, 1), (103, 1), (117, 1)]"
226,apresentados,"[(20, 1), (60, 1), (103, 1)]"
227,favor,"[(20, 1), (60, 1), (103, 1)]"
228,inss,"[(20, 1), (60, 1), (103, 1)]"
229,superior,"[(20, 1), (60, 1), (103, 1)]"
230,tribunal,"[(20, 1), (25, 1), (60, 1), (65, 1), (81, 1), (103, 1), (106, 1)]"
231,questionam,"[(20, 1), (60, 1), (103, 1)]"
232,concessão,"[(20, 1), (46, 1), (60, 1), (103, 1)]"
233,aposentadorias,"[(20, 1), (60, 1), (103, 1)]"
234,depoimento,"[(21, 1)]"
235,enviado,"[(21, 1)]"
236,oriundo,"[(21, 1)]"
237,pagamento,"[(21, 1)]"
238,propinas,"[(21, 1)]"
239,rio,"[(21, 1)]"
240,boicote,"[(22, 1), (56, 1), (85, 1), (109, 1)]"
241,cinemark,"[(22, 1), (56, 1), (85, 1), (109, 1)]"
242,globo,"[(22, 1), (56, 1), (71, 1), (74, 1), (85, 1), (109, 1)]"
243,deu,"[(22, 1), (56, 1), (85, 1), (109, 1)]"
244,certo,"[(22, 1), (56, 1), (85, 1), (109, 1)]"
245,nana,"[(23, 1), (48, 1), (84, 1), (121, 1)]"
246,caymmi,"[(23, 1), (48, 1), (84, 1), (121, 1)]"
247,lançando,"[(23, 1), (48, 1), (84, 1), (121, 1)]"
248,disco,"[(23, 1), (48, 1), (84, 1), (121, 1)]"
249,novo,"[(23, 1), (48, 1), (84, 1), (117, 1), (121, 1)]"
250,soltou,"[(23, 1), (48, 1), (84, 1), (121, 1)]"
251,verbo,"[(23, 1), (48, 1), (84, 1), (121, 1)]"
252,entrevista,"[(23, 1), (44, 1), (48, 1), (84, 1), (121, 1)]"
253,diz,"[(23, 1), (48, 1), (84, 1), (121, 1)]"
254,votado,"[(23, 1), (48, 1), (84, 1), (121, 1)]"
255,turno,"[(23, 1), (48, 1), (84, 1), (121, 1)]"
256,contramão,"[(23, 1), (48, 1), (84, 1), (121, 1)]"
257,maioria,"[(23, 1), (48, 1), (84, 1), (121, 1)]"
258,colegas,"[(23, 1), (48, 1), (84, 1), (121, 1)]"
259,artistas,"[(23, 1), (48, 1), (84, 1), (121, 1)]"
260,acostumando,"[(24, 1), (55, 1), (107, 1)]"
261,governo,"[(24, 1), (55, 1), (72, 1), (107, 1)]"
262,bozo,"[(24, 1), (55, 1), (107, 1)]"
263,naro,"[(24, 1), (55, 1), (107, 1)]"
264,palhaçada,"[(24, 1), (55, 1), (107, 1)]"
265,aumentar,"[(24, 1), (55, 1), (107, 1)]"
266,trapalhadas,"[(24, 1), (55, 1), (107, 1)]"
267,capitão,"[(24, 1), (55, 1), (72, 1), (107, 1)]"
268,ainda,"[(24, 1), (55, 1), (107, 1)]"
269,animado,"[(24, 1), (55, 1), (107, 1)]"
270,trio,"[(24, 1), (55, 1), (107, 1)]"
271,filhos,"[(24, 1), (55, 1), (107, 1)]"
272,moe,"[(24, 1), (55, 1), (107, 1)]"
273,larry,"[(24, 1), (55, 1), (107, 1)]"
274,shemp,"[(24, 1), (55, 1), (107, 1)]"
275,patetas,"[(24, 1), (55, 1), (107, 1)]"
276,votados,"[(24, 1), (55, 1), (107, 1)]"
277,stf,"[(25, 1), (65, 1), (81, 1), (106, 1), (118, 1)]"
278,supremo,"[(25, 1), (65, 1), (81, 1), (106, 1)]"
279,frango,"[(25, 1), (65, 1), (81, 1), (106, 1)]"
280,aprontou,"[(25, 1), (65, 1), (81, 1), (106, 1)]"
281,vai,"[(25, 1), (54, 1), (65, 1), (81, 1), (82, 1), (86, 1), (87, 1), (105, 1), (106, 1), (119, 1)]"
282,mandar,"[(25, 1), (65, 1), (81, 1), (106, 1)]"
283,pra,"[(25, 1), (65, 1), (81, 1), (106, 1)]"
284,eleitoral,"[(25, 1), (65, 1), (81, 1), (106, 1)]"
285,políticos,"[(25, 1), (65, 1), (81, 1), (106, 1)]"
286,acusados,"[(25, 1), (65, 1), (81, 1), (106, 1)]"
287,pensar,"[(25, 1), (65, 1), (81, 1), (106, 1)]"
288,caixa,"[(25, 2), (65, 2), (81, 2), (106, 2), (116, 1)]"
289,realmente,"[(25, 1), (65, 1), (81, 1), (106, 1)]"
290,juízes,"[(25, 1), (65, 1), (81, 1), (106, 1)]"
291,emendam,"[(25, 1), (65, 1), (81, 1), (106, 1)]"
292,porque,"[(25, 1), (54, 1), (65, 1), (81, 1), (82, 1), (105, 1), (106, 1)]"
293,emenda,"[(25, 1), (65, 1), (81, 1), (106, 1)]"
294,ser,"[(25, 1), (54, 1), (65, 1), (81, 1), (82, 1), (88, 1), (89, 1), (105, 1), (106, 1)]"
295,constitucional,"[(25, 1), (65, 1), (81, 1), (106, 1)]"
296,durou,"[(27, 1), (47, 1), (95, 1)]"
297,semana,"[(27, 1), (47, 1), (95, 1)]"
298,comitê,"[(27, 1), (47, 1), (95, 1)]"
299,ética,"[(27, 1), (47, 1), (95, 1)]"
300,criado,"[(27, 1), (47, 1), (95, 1)]"
301,google,"[(27, 1), (47, 1), (95, 1)]"
302,fiscalizar,"[(27, 1), (47, 1), (95, 1)]"
303,desenvolvimento,"[(27, 1), (47, 1), (95, 1)]"
304,área,"[(27, 1), (47, 1), (95, 1)]"
305,inteligência,"[(27, 1), (47, 1), (95, 1)]"
306,artificial,"[(27, 1), (47, 1), (95, 1)]"
307,fala,"[(28, 1), (52, 1), (100, 1)]"
308,reforma,"[(28, 1), (52, 1), (86, 1), (88, 1), (100, 1)]"
309,previdência,"[(28, 1), (52, 1), (86, 1), (100, 1)]"
310,quer,"[(29, 1), (64, 1), (93, 1), (116, 1)]"
311,salário,"[(29, 1), (64, 1), (93, 1)]"
312,mínimo,"[(29, 1), (64, 1), (93, 1)]"
313,corrigido,"[(29, 1), (64, 1), (93, 1)]"
314,apenas,"[(29, 1), (64, 1), (93, 1)]"
315,inflação,"[(29, 1), (64, 1), (93, 1)]"
316,aumento,"[(29, 1), (64, 1), (93, 1)]"
317,real,"[(29, 1), (64, 1), (93, 1)]"
318,receita,"[(30, 1), (42, 1), (119, 1)]"
319,federal,"[(30, 1), (43, 1), (54, 1), (82, 1), (105, 1), (118, 1), (119, 2)]"
320,acaba,"[(30, 1)]"
321,soltar,"[(30, 1)]"
322,nota,"[(30, 1)]"
323,informando,"[(30, 1)]"
324,servidores,"[(30, 1), (42, 1), (119, 1)]"
325,acessaram,"[(30, 1), (42, 1)]"
326,ilegalmente,"[(30, 1), (42, 1)]"
327,informações,"[(30, 1)]"
328,fiscais,"[(30, 1), (42, 1), (119, 1)]"
329,familiares,"[(30, 1)]"
330,ana,"[(31, 1), (38, 1), (96, 1)]"
331,paula,"[(31, 1), (38, 1), (96, 1)]"
332,henkel,"[(31, 1), (38, 1), (96, 1)]"
333,escreveu,"[(31, 1), (38, 1), (96, 1)]"
334,alagoas,"[(32, 1), (50, 1), (101, 1)]"
335,determinou,"[(32, 1), (50, 1), (101, 1)]"
336,bloqueio,"[(32, 1), (50, 1), (101, 1)]"
337,braskem,"[(32, 1), (50, 1), (101, 1)]"
338,indústria,"[(32, 1), (50, 1), (101, 1)]"
339,química,"[(32, 1), (50, 1), (101, 1)]"
340,odebrecht,"[(32, 1), (50, 1), (101, 1)]"
341,ministério,"[(33, 1), (43, 1), (61, 1), (102, 1)]"
342,infraestrutura,"[(33, 1), (61, 1), (102, 1)]"
343,leiloou,"[(33, 1), (61, 1), (102, 1)]"
344,seis,"[(33, 1), (61, 1), (102, 1)]"
345,terminais,"[(33, 1), (61, 1), (102, 1)]"
346,portuários,"[(33, 1), (61, 1), (102, 1)]"
347,pará,"[(33, 1), (61, 1), (102, 1)]"
348,arrecadando,"[(33, 1), (61, 1), (102, 1)]"
349,quase,"[(33, 1), (61, 1), (102, 1)]"
350,brasília,"[(36, 1), (43, 1), (51, 1), (71, 1), (83, 1), (108, 1)]"
351,reunião,"[(36, 1), (51, 1), (83, 1), (108, 1)]"
352,governadores,"[(36, 1), (51, 1), (83, 1), (108, 1)]"
353,participou,"[(36, 1), (51, 1), (83, 1), (108, 1)]"
354,bandeirantes,"[(36, 1), (51, 1), (83, 1), (108, 1)]"
355,apresentar,"[(36, 1), (51, 1), (83, 1), (108, 1)]"
356,restauro,"[(36, 1), (51, 1), (83, 1), (108, 1)]"
357,museu,"[(36, 1), (51, 1), (83, 1), (108, 1)]"
358,ipiranga,"[(36, 1), (51, 1), (83, 1), (108, 1)]"
359,eventuais,"[(36, 1), (51, 1), (83, 1), (108, 1)]"
360,patrocinadores,"[(36, 1), (51, 1), (83, 1), (108, 1)]"
361,ficou,"[(40, 1)]"
362,dúvida,"[(40, 1)]"
363,relato,"[(40, 1)]"
364,sobre,"[(40, 1), (42, 1), (54, 1), (82, 1), (105, 1)]"
365,comando,"[(41, 1)]"
366,aeronáutica,"[(41, 1)]"
367,pilotos,"[(41, 1)]"
368,força,"[(41, 1), (90, 1)]"
369,aérea,"[(41, 1)]"
370,brasileira,"[(41, 1)]"
371,fab,"[(41, 1)]"
372,ejetaram,"[(41, 1)]"
373,assim,"[(41, 1)]"
374,detectaram,"[(41, 1)]"
375,falha,"[(41, 1)]"
376,técnica,"[(41, 1)]"
377,durante,"[(41, 1), (98, 1)]"
378,treinamento,"[(41, 1)]"
379,caça,"[(41, 1)]"
380,manifestou,"[(42, 1)]"
381,agora,"[(42, 1)]"
382,caso,"[(42, 1), (70, 1)]"
383,dados,"[(42, 1), (119, 1)]"
384,família,"[(42, 1), (73, 1)]"
385,corda,"[(43, 1)]"
386,bamba,"[(43, 1)]"
387,ricardo,"[(43, 1)]"
388,vélez,"[(43, 1)]"
389,rodríguez,"[(43, 1)]"
390,recebeu,"[(43, 1)]"
391,recomendação,"[(43, 1)]"
392,público,"[(43, 1)]"
393,abster,"[(43, 1)]"
394,qualquer,"[(43, 1)]"
395,ato,"[(43, 1)]"
396,atente,"[(43, 1)]"
397,laicidade,"[(43, 1)]"
398,liberdade,"[(43, 1)]"
399,religiosa,"[(43, 1)]"
400,estudantes,"[(43, 1)]"
401,bbc,"[(44, 1)]"
402,eua,"[(44, 1), (53, 1), (110, 1)]"
403,participa,"[(44, 1)]"
404,brazil,"[(44, 1)]"
405,conference,"[(44, 1)]"
406,general,"[(44, 1), (115, 1)]"
407,carlos,"[(44, 1)]"
408,alberto,"[(44, 1)]"
409,santos,"[(44, 1)]"
410,cruz,"[(44, 1)]"
411,olavo,"[(44, 1)]"
412,carvalho,"[(44, 1)]"
413,importância,"[(44, 1)]"
414,nenhuma,"[(44, 1)]"
415,ação,"[(46, 1)]"
416,popular,"[(46, 1)]"
417,contesta,"[(46, 1)]"
418,decisão,"[(46, 1)]"
419,wilson,"[(46, 1)]"
420,witzel,"[(46, 1)]"
421,ceder,"[(46, 1)]"
422,clubes,"[(46, 1)]"
423,futebol,"[(46, 1)]"
424,administração,"[(46, 1)]"
425,temporária,"[(46, 1)]"
426,maracanã,"[(46, 1)]"
427,cedo,"[(46, 1)]"
428,governador,"[(46, 1)]"
429,anunciou,"[(46, 1), (73, 1)]"
430,estádio,"[(46, 1)]"
431,flamengo,"[(46, 1)]"
432,fluminense,"[(46, 1)]"
433,meses,"[(46, 1)]"
434,devem,"[(53, 1), (110, 1)]"
435,designar,"[(53, 1), (110, 1)]"
436,guarda,"[(53, 1), (110, 1)]"
437,revolucionária,"[(53, 1), (110, 1)]"
438,irã,"[(53, 1), (110, 1)]"
439,organização,"[(53, 1), (110, 1)]"
440,informaram,"[(53, 1), (110, 1)]"
441,agência,"[(53, 1), (110, 1)]"
442,reuters,"[(53, 1), (110, 1)]"
443,autoridades,"[(53, 1), (110, 1)]"
444,norte,"[(53, 1), (110, 1)]"
445,americanas,"[(53, 1), (110, 1)]"
446,acabando,"[(54, 1), (82, 1), (105, 1)]"
447,ficar,"[(54, 1), (82, 1), (105, 1)]"
448,pedra,"[(54, 2), (82, 2), (105, 2)]"
449,pedreira,"[(54, 1), (82, 1), (105, 1)]"
450,superfaturada,"[(54, 1), (82, 1), (105, 1)]"
451,roudebrecht,"[(54, 1), (82, 1), (105, 1)]"
452,senador,"[(54, 1), (70, 1), (82, 1), (105, 1), (118, 1)]"
453,tasso,"[(54, 1), (82, 1), (105, 1)]"
454,jereissati,"[(54, 1), (82, 1), (105, 1)]"
455,prisões,"[(54, 1), (82, 1), (105, 1)]"
456,desmoralizando,"[(54, 1), (82, 1), (105, 1)]"
457,política,"[(54, 1), (82, 1), (105, 1)]"
458,razão,"[(54, 1), (82, 1), (105, 1)]"
459,democracia,"[(54, 1), (82, 1), (105, 1)]"
460,pode,"[(54, 1), (70, 1), (82, 1), (105, 1), (113, 1)]"
461,roubar,"[(54, 1), (82, 1), (105, 1)]"
462,paz,"[(54, 1), (82, 1), (105, 1)]"
463,ganhar,"[(54, 1), (82, 1), (105, 1)]"
464,vida,"[(54, 1), (82, 1), (105, 1)]"
465,desonestamente,"[(54, 1), (82, 1), (105, 1)]"
466,molestado,"[(54, 1), (82, 1), (105, 1)]"
467,meganhas,"[(54, 1), (82, 1), (105, 1)]"
468,polícia,"[(54, 1), (82, 1), (105, 1)]"
469,confira,"[(69, 1)]"
470,criminalizar,"[(70, 1)]"
471,arrastão,"[(70, 1)]"
472,penas,"[(70, 1)]"
473,anos,"[(70, 2)]"
474,prisão,"[(70, 1)]"
475,crime,"[(70, 1)]"
476,resulte,"[(70, 1)]"
477,morte,"[(70, 1)]"
478,pena,"[(70, 1), (116, 1)]"
479,cadeia,"[(70, 1)]"
480,alexandre,"[(71, 1)]"
481,moraes,"[(71, 1)]"
482,entrevero,"[(71, 1)]"
483,antes,"[(71, 1)]"
484,embarcar,"[(71, 1)]"
485,voo,"[(71, 1)]"
486,terça,"[(71, 1)]"
487,passada,"[(71, 1)]"
488,aeroporto,"[(71, 1)]"
489,bela,"[(71, 1)]"
490,megale,"[(71, 1)]"
491,líder,"[(72, 1)]"
492,câmara,"[(72, 1), (86, 1)]"
493,augusto,"[(72, 1)]"
494,criticou,"[(72, 1)]"
495,chamou,"[(72, 1)]"
496,apoio,"[(72, 1)]"
497,bancada,"[(72, 1)]"
498,governista,"[(72, 1)]"
499,paulo,"[(72, 1), (87, 1), (90, 1), (118, 2)]"
500,guedes,"[(72, 1), (87, 1)]"
501,sessão,"[(72, 1)]"
502,ccj,"[(72, 1)]"
503,implementação,"[(73, 1)]"
504,promessas,"[(73, 1)]"
505,bolsa,"[(73, 1), (90, 1)]"
506,foragido,"[(74, 1)]"
507,desde,"[(74, 1)]"
508,maio,"[(74, 1)]"
509,passado,"[(74, 1)]"
510,dario,"[(74, 1)]"
511,messer,"[(74, 1)]"
512,doleiro,"[(74, 1)]"
513,doleiros,"[(74, 1)]"
514,transformação,"[(74, 1)]"
515,total,"[(74, 1)]"
516,face,"[(74, 1)]"
517,irreconhecível,"[(74, 1)]"
518,lauro,"[(74, 1)]"
519,jardim,"[(74, 1)]"
520,senado,"[(86, 1), (116, 1)]"
521,adiou,"[(86, 1)]"
522,instalação,"[(86, 1)]"
523,prevista,"[(86, 1)]"
524,comissão,"[(86, 1)]"
525,especial,"[(86, 1)]"
526,acompanhar,"[(86, 1)]"
527,tramitação,"[(86, 1)]"
528,vinicius,"[(87, 1)]"
529,torres,"[(87, 1)]"
530,freire,"[(87, 1)]"
531,sururu,"[(87, 1)]"
532,deputados,"[(87, 1), (98, 1), (117, 1)]"
533,dar,"[(87, 1)]"
534,nada,"[(87, 2)]"
535,sintoma,"[(87, 1)]"
536,motivo,"[(87, 1)]"
537,fibrilação,"[(87, 1)]"
538,preços,"[(87, 1)]"
539,mercado,"[(87, 1)]"
540,pessoal,"[(87, 1)]"
541,finança,"[(87, 1)]"
542,atribuiu,"[(87, 1)]"
543,arranca,"[(87, 1)]"
544,rabo,"[(87, 1)]"
545,audiência,"[(87, 1), (119, 1)]"
546,ministro,"[(87, 1)]"
547,míriam,"[(88, 1)]"
548,leitão,"[(88, 1)]"
549,descarta,"[(88, 1)]"
550,possa,"[(88, 1)]"
551,enterrada,"[(88, 1)]"
552,eleita,"[(89, 1)]"
553,novembro,"[(89, 1)]"
554,indicação,"[(89, 1)]"
555,atual,"[(89, 1)]"
556,direção,"[(89, 1)]"
557,sebrae,"[(89, 1)]"
558,deve,"[(89, 1)]"
559,destituída,"[(89, 1)]"
560,igor,"[(89, 1)]"
561,gadelha,"[(89, 1)]"
562,fechou,"[(90, 1)]"
563,pontos,"[(90, 1)]"
564,alta,"[(90, 1)]"
565,enquanto,"[(90, 1)]"
566,dólar,"[(90, 1)]"
567,perdeu,"[(90, 1)]"
568,recuou,"[(90, 1)]"
569,oposição,"[(98, 1)]"
570,detidos,"[(98, 1)]"
571,sábado,"[(98, 1), (115, 1), (119, 1)]"
572,forças,"[(98, 1)]"
573,bolivarianas,"[(98, 1)]"
574,protesto,"[(98, 1)]"
575,convocado,"[(98, 1)]"
576,juan,"[(98, 1)]"
577,guaidó,"[(98, 1)]"
578,estados,"[(112, 1)]"
579,unidos,"[(112, 1)]"
580,vão,"[(112, 1)]"
581,impor,"[(112, 1)]"
582,novas,"[(112, 1)]"
583,sanções,"[(112, 1)]"
584,comediante,"[(113, 1)]"
585,vladimir,"[(113, 1)]"
586,zelensky,"[(113, 1)]"
587,tornar,"[(113, 1)]"
588,próximo,"[(113, 1)]"
589,ucrânia,"[(113, 1)]"
590,dia,"[(113, 1)]"
591,jamais,"[(115, 1)]"
592,atuou,"[(115, 1)]"
593,contraponto,"[(115, 1)]"
594,márcio,"[(116, 1)]"
595,bittar,"[(116, 1)]"
596,criminaliza,"[(116, 1)]"
597,endurecer,"[(116, 1)]"
598,comprovada,"[(116, 1)]"
599,origem,"[(116, 1)]"
600,ilícita,"[(116, 1)]"
601,dinheiro,"[(116, 1), (118, 1)]"
602,contrariaram,"[(117, 1)]"
603,votarem,"[(117, 1)]"
604,proposta,"[(117, 1)]"
605,deputado,"[(117, 1)]"
606,marcel,"[(117, 1)]"
607,van,"[(117, 1)]"
608,hattem,"[(117, 1)]"
609,permitir,"[(117, 1)]"
610,partidos,"[(117, 1)]"
611,devolver,"[(117, 1)]"
612,usam,"[(117, 1)]"
613,fundo,"[(117, 1)]"
614,partidário,"[(117, 1)]"
615,pgr,"[(118, 1)]"
616,requereu,"[(118, 1)]"
617,nesta,"[(118, 1)]"
618,sexta,"[(118, 1)]"
619,feira,"[(118, 1)]"
620,envio,"[(118, 1)]"
621,investigação,"[(118, 1)]"
622,cita,"[(118, 1)]"
623,tucano,"[(118, 1)]"
624,bauer,"[(118, 1)]"
625,atos,"[(118, 1)]"
626,corrupção,"[(118, 1)]"
627,ativa,"[(118, 1)]"
628,passiva,"[(118, 1)]"
629,lavagem,"[(118, 1)]"
630,deputada,"[(119, 1)]"
631,norma,"[(119, 1)]"
632,ayub,"[(119, 1)]"
633,solicitar,"[(119, 1)]"
634,esclarecer,"[(119, 1)]"
635,acesso,"[(119, 1)]"
636,ilegal,"[(119, 1)]"
